EEG0,EEG1,EEG2,EEG3,EEG4,EEG5,EEG6,EEG7,EEG8,EEG9,EEG10,EEG11,EEG12,EEG13,EEG14,EEG15
2314.6853,14760.401,19244.004,15623.87,3445.551,17231.467,23761.432,8791.939,19545.787,25822.797,19724.518,18545.504,41608.766,4528.6587,14541.736,18810.383
2314.588,14760.438,19244.15,15624.211,3432.118,17240.3,23772.906,8782.218,19533.023,25814.086,19701.62,18523.883,41571.56,4509.239,14525.614,18833.307
2307.4211,14761.059,19242.227,15596.128,3422.1282,17244.193,23769.682,8793.156,19525.357,25818.125,19687.053,18518.31,41560.484,4506.3433,14534.85,18840.06
2324.0178,14789.641,19264.592,15615.499,3450.3694,17265.328,23791.777,8793.193,19553.574,25844.055,19719.992,18553.012,41567.164,4537.468,14555.984,18869.152
2327.4492,14758.99,19267.256,15613.431,3443.9329,17268.857,23769.96,8802.222,19550.13,25833.71,19698.018,18536.623,41579.793,4528.464,14532.367,18879.91
2323.0203,14738.123,19265.941,15605.461,3427.555,17266.559,23757.635,8799.995,19541.334,25827.785,19693.611,18522.398,41545.52,4519.703,14528.948,18893.525
2319.0413,14736.833,19265.516,15609.232,3433.4077,17270.354,23753.303,8790.979,19541.541,25833.65,19687.418,18531.062,41544.836,4526.0913,14528.157,18886.71
2316.778,14747.905,19264.822,15602.151,3439.029,17271.035,23747.719,8776.328,19547.527,25838.19,19698.479,18536.1,41554.496,4531.0923,14533.158,18898.818
2332.3042,14762.081,19279.484,15607.9795,3444.821,17292.828,23764.193,8809.388,19553.865,25851.646,19712.922,18533.64,41569.61,4532.1265,14543.695,18911.922
2329.1162,14752.456,19272.512,15589.983,3445.7822,17282.729,23756.613,8808.622,19552.723,25846.586,19687.504,18539.08,41565.484,4533.465,14537.441,18909.854
2301.459,14742.552,19259.664,15592.355,3439.5889,17276.645,23746.186,8805.458,19534.422,25834.246,19677.05,18528.945,41567.844,4517.732,14524.312,18912.385
2286.7117,14735.969,19245.56,15581.551,3423.6736,17265.098,23745.395,8801.54,19520.879,25824.72,19680.227,18511.787,41568.31,4500.5024,14518.046,18893.416
2287.2107,14735.3,19245.488,15567.692,3422.834,17264.344,23742.098,8807.186,19522.352,25824.975,19679.559,18514.062,41584.37,4503.094,14516.731,18910.098
2289.8267,14739.997,19248.14,15570.126,3434.442,17263.564,23738.312,8805.665,19530.639,25833.262,19686.627,18525.879,41585.523,4513.5464,14524.239,18890.021
2295.29,14743.185,19247.18,15568.617,3429.599,17260.316,23745.2,8801.734,19527.547,25828.844,19684.45,18510.34,41589.992,4505.917,14524.567,18898.318
2289.4983,14727.878,19244.064,15565.039,3418.7212,17258.479,23743.277,8783.094,19518.664,25839.734,19672.281,18505.107,41581.047,4507.6206,14526.198,18893.805
2275.8218,14746.993,19232.518,15548.114,3430.4753,17245.35,23756.127,8798.279,19518.02,25821.082,19664.896,18513.637,41581.06,4506.903,14519.53,18879.982
2267.7544,14737.782,19221.906,15547.299,3409.401,17241.104,23747.768,8794.653,19511.389,25812.953,19667.086,18498.83,41566.87,4491.109,14513.3125,18882.879
2271.3074,14756.289,19224.012,15550.6455,3416.5798,17241.918,23767.49,8798.668,19518.19,25821.97,19654.797,18503.113,41567.14,4493.713,14523.752,18876.72
2256.0005,14746.421,19212.879,15542.87,3410.7637,17224.299,23746.988,8778.543,19502.057,25805.592,19669.764,18499.268,41560.617,4487.191,14509.042,18874.678
2259.9185,14748.526,19218.414,15537.856,3417.7966,17232.33,23757.416,8787.705,19509.783,25824.94,19668.863,18502.297,41550.945,4496.84,14522.584,18869.676
2265.6372,14752.518,19220.69,15546.496,3412.9417,17229.701,23752.414,8805.409,19508.992,25812.188,19669.033,18493.184,41565.45,4490.781,14514.177,18850.926
2267.791,14760.828,19218.086,15558.7,3417.8816,17218.52,23754.775,8795.2,19517.363,25811.25,19676.03,18509.586,41573.676,4501.61,14517.012,18837.797
2269.4094,14760.122,19215.252,15561.499,3417.3584,17220.43,23761.262,8782.011,19514.771,25810.715,19670.969,18500.447,41561.41,4492.5815,14514.225,18835.79
2264.4814,14739.681,19206.562,15550.475,3402.441,17207.375,23742.559,8791.623,19507.738,25801.09,19664.934,18484.217,41526.5,4483.5527,14508.652,18819.582
2276.345,14749.889,19219.936,15562.387,3424.7444,17217.023,23757.062,8791.088,19524.371,25815.8,19676.613,18506.957,41542.293,4506.9756,14524.166,18828.197
2266.2944,14743.209,19211.225,15560.586,3418.2468,17208.152,23747.475,8778.312,19515.27,25808.379,19656.842,18496.822,41528.87,4496.3774,14511.609,18812.135
2263.9946,14720.297,19203.607,15560.805,3402.7937,17204.162,23738.592,8778.202,19512.934,25806.42,19669.8,18484.8,41517.543,4486.7407,14509.029,18809.92
2274.6658,14727.439,19202.086,15553.018,3409.255,17197.969,23733.518,8774.759,19518.457,25803.451,19673.037,18494.375,41528.117,4487.7993,14505.817,18793.14
2264.3477,14746.3,19204.957,15564.93,3426.2532,17201.826,23745.479,8776.328,19521.78,25817.469,19685.338,18509.22,41538.605,4501.33,14520.272,18795.502
2273.9236,14731.808,19211.783,15587.209,3419.3662,17205.428,23729.236,8777.229,19525.309,25812.064,19694.549,18497.332,41542.22,4495.2095,14511.293,18790.55
2257.3025,14702.824,19195.016,15551.01,3406.6265,17187.48,23719.902,8766.704,19509.418,25803.451,19664.117,18490.227,41532.9,4486.23,14504.686,18782.24
2271.7334,14727.622,19207.768,15566.354,3427.9202,17196.8,23739.348,8788.436,19525.904,25799.191,19680.398,18516.545,41552.125,4505.5645,14512.813,18779.54
2261.8289,14714.286,19191.414,15545.547,3405.9817,17181.178,23730.246,8775.416,19505.486,25790.443,19652.79,18486.855,41528.3,4475.9604,14496.776,18752.842
2267.791,14708.117,19199.713,15562.897,3406.7969,17182.674,23719.879,8769.345,19518.227,25799.994,19678.146,18500.277,41561.215,4491.2188,14503.433,18766.555
2276.5273,14702.106,19203.594,15574.238,3421.4956,17190.693,23711.762,8759.257,19525.99,25811.31,19712.703,18510.9,41565.633,4499.9062,14498.724,18766.045
2269.4094,14710.6,19195.686,15564.723,3413.842,17179.303,23722.494,8773.627,19514.697,25792.158,19688.72,18499.305,41552.977,4485.013,14496.825,18760.045
2270.3218,14729.216,19194.066,15559.406,3412.2966,17177.783,23726.035,8764.502,19509.102,25789.129,19669.617,18497.527,41570.523,4481.862,14503.25,18754.07
2262.1575,14743.695,19186.256,15556.072,3416.665,17169.824,23729.332,8756.836,19508.395,25789.408,19670.834,18504.098,41569.184,4484.0273,14505.439,18747.635
2259.7847,14761.947,19186.889,15553.821,3424.4644,17169.229,23756.576,8766.473,19507.678,25794.41,19668.68,18501.043,41562.113,4484.843,14518.472,18737.693
2253.1167,14755.328,19178.602,15548.248,3411.7734,17159.664,23732.156,8761.168,19493.125,25786.428,19667.22,18488.195,41553.438,4473.125,14504.71,18730.697
2255.6233,14744.231,19181.826,15560.392,3417.0542,17157.584,23715.412,8742.7705,19502.043,25791.611,19671.38,18504.84,41562.832,4486.814,14503.992,18726.268
2261.9504,14756.873,19185.197,15564.395,3423.1868,17160.213,23735.867,8747.637,19507.41,25794.18,19677.72,18505.57,41547.78,4488.9067,14512.461,18721.46
2259.213,14742.102,19174.879,15557.325,3400.6157,17148.082,23730.514,8756.143,19496.629,25773.992,19672.307,18481.637,41520.04,4462.1743,14494.61,18698.586
2244.8428,14730.043,19162.42,15544.488,3395.627,17139.234,23713.723,8716.694,19484.607,25782.582,19648.129,18476.732,41526.83,4455.932,14482.333,18690.908
2228.161,14730.737,19146.82,15527.368,3388.6914,17119.96,23708.16,8741.03,19472.695,25754.062,19623.441,18469.48,41509.293,4446.9526,14472.538,18685.02
2231.081,14727.634,19148.975,15526.857,3379.882,17126.41,23733.543,8756.154,19473.826,25752.055,19635.768,18459.504,41502.82,4444.6284,14481.8955,18691.846
2239.1848,14739.984,19160.01,15543.04,3396.9412,17138.883,23728.773,8735.858,19486.129,25772.312,19654.055,18478.291,41546.977,4457.599,14489.695,18692.027
2247.398,14728.534,19163.027,15549.793,3396.2231,17139.248,23709.219,8751.008,19492.625,25763.553,19670.043,18486.37,41542.246,4462.393,14474.278,18693.89
2266.4526,14750.826,19181.412,15563.372,3408.9749,17162.95,23720.037,8752.735,19508.371,25788.898,19684.547,18494.79,41554.973,4472.261,14499.5625,18709.525
2254.954,14760.499,19182.678,15580.626,3417.9912,17154.434,23735.781,8758.904,19509.832,25785.516,19691.592,18506.398,41560.277,4477.1284,14509.139,18705.205
2253.6643,14760.146,19177.994,15569.432,3422.335,17151.05,23721.57,8748.331,19506.254,25781.33,19683.062,18510.924,41558.332,4478.406,14497.592,18698.05
2243.6746,14736.443,19166.836,15552.19,3395.262,17141.486,23713.527,8736.467,19484.254,25770.488,19659.957,18479.191,41560.19,4455.056,14485.777,18691.602
2231.4949,14722.269,19155.824,15532.661,3384.2625,17130.924,23722.459,8746.858,19477.562,25765.037,19655.041,18474.385,41544.434,4449.2036,14488.855,18683.621
2240.4624,14739.23,19161.422,15544.878,3401.808,17133.104,23724.928,8733.888,19490.484,25770.512,19659.445,18491.516,41547.55,4463.683,14494.915,18678.156
2260.3445,14747.042,19173.59,15568.361,3408.3423,17147.62,23732.57,8727.244,19501.922,25788.85,19674.79,18493.889,41555.348,4467.6133,14503.505,18683.96
2243.2974,14730.348,19158.318,15538.234,3389.4458,17129.465,23732.74,8744.96,19481.018,25760.96,19660.602,18474.848,41521.39,4445.334,14491.423,18676.004
2229.0854,14728.583,19146.09,15534.705,3388.8496,17116.385,23728.115,8728.729,19481.334,25758.236,19642.605,18482.195,41516.96,4446.831,14485.838,18663.678
2236.6416,14747.93,19152.611,15551.241,3396.783,17124.318,23736.426,8737.684,19496.29,25761.934,19690.254,18500.654,41556.324,4453.973,14496.765,18670.443
2251.0483,14753.7705,19163.367,15560.695,3400.7373,17133.018,23735.807,8730.882,19499.184,25780.113,19675.14,18500.934,41542.438,4453.827,14505.245,18657.594
2242.0686,14762.835,19156.129,15543.916,3401.7717,17125.254,23752.402,8716.014,19486.822,25774.953,19628.027,18492.076,41546.953,4446.137,14497.47,18646.484
2221.2861,14732.757,19136.465,15531.347,3377.4119,17104.363,23717.104,8732.829,19470.152,25734.643,19662.877,18477.195,41538.824,4435.9893,14471.236,18653.943
2242.5308,14742.819,19151.48,15543.064,3382.936,17120.838,23735.951,8744.097,19479.729,25752.273,19666.855,18477.975,41535.867,4438.8125,14485.777,18659.297
2236.0332,14747.699,19148.305,15544.598,3386.5986,17117.637,23723.066,8724.458,19476.053,25751.08,19650.977,18487.404,41537.035,4440.844,14482.103,18657.775
2250.9873,14758.845,19165.23,15560.866,3409.778,17129.951,23730.209,8718.337,19497.713,25768.115,19671.746,18511.326,41569.16,4463.8413,14497.579,18664.152
2271.6482,14763.407,19173.795,15550.974,3411.4329,17139.674,23745.613,8740.057,19507.873,25770.865,19677.648,18505.51,41556.055,4458.317,14498.298,18660.758
2227.9539,14731.297,19148.768,15539.9375,3389.2146,17118.344,23699.547,8721.915,19483.195,25752.99,19643.08,18489.193,41526.61,4443.363,14471.151,18647.566
2233.5876,14723.558,19156.797,15549.039,3402.9155,17123.904,23704.195,8710.951,19489.766,25765.852,19674.824,18505.861,41526.133,4458.8525,14483.55,18658.457
2246.534,14734.558,19160.326,15555.317,3403.9253,17126.057,23729.941,8726.623,19499.16,25763.273,19677.307,18505.436,41553.355,4456.9907,14494.38,18657.873
2254.358,14737.502,19164.379,15553.091,3408.4395,17127.955,23724.514,8727.414,19505.123,25768.213,19655.502,18509.635,41589.54,4461.1646,14497.068,18655.05
2255.5625,14746.044,19166.896,15557.642,3419.2202,17129.39,23728.445,8712.972,19512.143,25778.35,19675.092,18527.398,41599.273,4476.131,14501.352,18655.318
2260.6487,14742.028,19170.705,15565.526,3416.2756,17134.344,23713.637,8716.488,19508.395,25782.63,19687.21,18512.834,41592.824,4472.7236,14501.34,18656.998
2246.887,14726.515,19160.18,15547.067,3398.7053,17128.602,23727.799,8725.272,19495.133,25774.309,19658.629,18487.088,41528.203,4455.981,14497.823,18659.771
2255.757,14756.557,19171.703,15564.687,3418.3562,17138.043,23745.71,8714.042,19507.982,25795.506,19687.357,18519.307,41564.914,4475.9966,14516.524,18664.469
2263.0212,14787.39,19172.64,15569.249,3425.4377,17136.607,23744.104,8720.917,19507.787,25777.984,19693.807,18520.281,41589.758,4462.0283,14508.385,18651.863
2252.2651,14759.295,19156.664,15557.386,3394.5198,17120.959,23728.238,8734.886,19493.38,25744.705,19664.81,18495.715,41557.953,4446.478,14489.671,18660.441
2249.2717,14754.902,19158.27,15550.9375,3405.057,17122.188,23727.045,8727.682,19500.035,25760.693,19656.67,18509.111,41551.492,4460.8726,14491.873,18649.125
2245.4753,14756.63,19153.938,15550.426,3400.3723,17109.34,23717.336,8726.733,19490.68,25755.156,19672.355,18499.705,41551.004,4451.8315,14487.846,18643.21
2237.6638,14756.8125,19152.904,15546.423,3388.8252,17114.0,23733.47,8722.7295,19483.232,25751.617,19661.307,18491.139,41550.895,4445.541,14488.758,18640.46
2256.4263,14761.898,19161.75,15548.552,3400.482,17118.465,23732.533,8702.032,19498.223,25756.3,19664.969,18511.436,41569.05,4460.1543,14491.07,18642.797
2263.0942,14769.881,19171.836,15568.081,3418.551,17129.707,23750.662,8734.666,19510.768,25774.443,19682.393,18524.188,41570.777,4473.636,14506.158,18653.736
2249.7585,14766.145,19163.588,15564.699,3406.9795,17127.955,23745.783,8735.408,19494.646,25760.4,19663.875,18501.336,41563.367,4454.265,14494.404,18643.783
2233.8552,14725.456,19146.967,15538.636,3391.125,17115.021,23713.09,8706.851,19485.18,25760.863,19654.432,18496.748,41539.87,4450.493,14477.855,18648.127
2232.7358,14724.252,19141.041,15538.696,3392.2688,17104.13,23707.662,8713.799,19486.152,25746.104,19659.445,18493.828,41539.19,4443.448,14472.308,18630.266
2227.893,14719.664,19140.65,15563.056,3385.321,17106.139,23709.719,8710.063,19486.81,25747.613,19667.39,18488.742,41542.355,4440.2725,14478.951,18636.033
2239.1118,14720.528,19145.592,15552.531,3393.522,17112.588,23715.717,8713.556,19494.049,25754.365,19669.994,18500.033,41573.152,4446.271,14481.36,18639.84
2232.2612,14715.953,19142.135,15543.892,3398.3647,17107.355,23704.693,8710.197,19490.082,25754.16,19640.098,18497.393,41545.75,4452.4277,14476.7,18632.162
2234.2932,14706.073,19143.535,15546.642,3388.8618,17109.547,23707.297,8707.387,19485.059,25756.752,19645.83,18481.855,41539.29,4446.137,14474.12,18630.252
2232.529,14699.101,19145.64,15532.26,3386.5012,17116.736,23711.227,8695.608,19486.238,25774.492,19623.744,18482.854,41542.0,4448.3516,14481.969,18628.902
2236.0332,14715.893,19148.244,15533.1,3394.4224,17116.627,23721.338,8705.439,19485.312,25755.377,19663.107,18489.729,41542.207,4448.8994,14478.318,18640.645
2231.5435,14732.83,19139.422,15527.198,3386.4526,17100.42,23736.049,8711.377,19473.973,25735.604,19649.967,18479.373,41530.297,4434.9062,14481.396,18623.61
2230.6794,14763.456,19142.635,15523.061,3398.231,17109.314,23753.863,8710.599,19484.645,25760.998,19644.807,18496.604,41560.79,4451.491,14504.089,18632.541
2255.8545,14785.163,19165.4,15546.703,3424.3306,17128.309,23744.92,8716.816,19503.053,25777.996,19654.797,18513.176,41575.84,4473.381,14509.687,18642.871
2240.9248,14751.689,19149.021,15542.614,3401.297,17112.43,23738.836,8706.413,19488.854,25755.17,19632.238,18490.094,41540.59,4452.2817,14494.939,18624.352
2236.5078,14773.628,19147.854,15530.836,3398.669,17110.252,23757.94,8718.739,19489.438,25755.205,19663.79,18497.357,41567.93,4450.493,14500.354,18625.775
2242.8108,14777.692,19153.975,15533.562,3418.7456,17118.186,23751.479,8716.573,19496.482,25763.87,19673.742,18516.996,41568.477,4464.5347,14506.718,18632.37
2239.0022,14765.901,19147.963,15542.943,3409.6685,17115.97,23733.773,8692.188,19489.73,25762.713,19662.207,18501.566,41537.805,4456.5527,14494.684,18628.537
2225.8733,14752.919,19133.8,15519.216,3389.4214,17102.123,23736.354,8709.82,19473.95,25744.45,19639.016,18481.295,41556.055,4436.9873,14483.538,18620.555
2224.316,14749.913,19131.707,15517.792,3394.5562,17097.914,23732.266,8704.138,19476.71,25749.305,19637.445,18490.482,41545.008,4443.132,14484.487,18610.613
2231.3367,14751.556,19137.098,15529.887,3397.5618,17102.816,23735.55,8708.092,19487.162,25754.646,19648.14,18497.758,41571.266,4452.8174,14493.406,18622.54
2257.2295,14760.925,19157.588,15554.064,3405.7383,17124.768,23746.137,8714.383,19504.574,25770.367,19674.412,18508.467,41584.37,4460.5684,14499.149,18629.912
2258.4219,14751.945,19157.746,15549.355,3407.6973,17119.121,23748.107,8694.769,19505.158,25780.064,19669.459,18512.81,41590.32,4467.5522,14503.87,18631.871
2267.718,14776.634,19164.135,15533.951,3420.8992,17125.473,23730.5,8722.815,19510.877,25766.314,19663.314,18524.832,41601.99,4469.219,14493.224,18642.322
2233.4294,14734.388,19146.844,15529.838,3391.563,17115.3,23704.754,8699.076,19495.691,25753.21,19637.287,18498.355,41556.59,4448.4614,14479.973,18633.623
2237.396,14712.972,19143.4,15523.207,3386.6716,17107.258,23711.068,8707.18,19496.35,25757.213,19654.201,18493.95,41556.26,4448.4614,14478.769,18617.062
2259.383,14734.375,19161.336,15546.946,3406.9187,17123.72,23723.395,8724.385,19509.357,25768.443,19686.86,18512.762,41559.938,4467.4673,14488.149,18631.275
2259.7969,14731.868,19160.047,15548.272,3397.659,17122.273,23729.855,8714.456,19503.041,25757.566,19665.979,18496.797,41549.973,4454.655,14480.496,18627.844
2259.7969,14724.921,19163.988,15539.548,3396.5151,17129.22,23733.555,8723.18,19501.473,25777.812,19661.879,18491.71,41565.594,4463.5493,14494.757,18641.277
2250.2573,14732.514,19155.654,15540.546,3399.898,17120.303,23737.63,8729.97,19498.26,25766.62,19645.367,18498.72,41557.164,4462.5513,14487.614,18634.938
2237.5056,14728.948,19140.506,15518.7295,3388.7644,17102.928,23725.73,8709.759,19493.38,25747.953,19633.76,18490.86,41551.87,4447.865,14480.618,18620.105
2244.0032,14747.103,19150.86,15533.294,3393.9114,17116.178,23724.37,8710.246,19491.945,25764.05,19676.309,18490.664,41562.36,4449.9824,14490.121,18624.277
2249.8071,14750.205,19150.045,15539.561,3399.7275,17116.713,23721.582,8709.102,19495.352,25763.857,19655.162,18503.453,41557.125,4456.7476,14489.025,18624.484
2249.138,14763.967,19155.01,15545.645,3408.2327,17116.592,23744.92,8710.355,19499.172,25764.318,19641.473,18501.36,41545.613,4458.086,14497.737,18622.246
2240.7788,14745.995,19143.742,15529.145,3383.0457,17109.047,23733.14,8713.434,19481.043,25747.809,19649.176,18473.205,41519.152,4434.8823,14474.205,18616.064
2232.3223,14746.969,19139.057,15522.599,3384.9072,17107.223,23724.465,8693.503,19478.523,25759.1,19639.223,18484.47,41516.473,4445.4194,14481.251,18615.178
2231.4583,14753.381,19141.102,15515.334,3394.8481,17106.357,23730.44,8688.867,19490.57,25770.416,19633.527,18499.463,41521.887,4453.328,14493.369,18617.39
2247.5317,14756.581,19149.887,15525.616,3393.5098,17119.232,23738.86,8725.054,19489.912,25746.385,19643.676,18488.244,41539.152,4450.396,14483.939,18632.576
2247.7874,14770.173,19149.8,15506.72,3402.1611,17109.424,23747.232,8687.517,19492.7,25759.756,19644.113,18497.625,41555.4,4462.0283,14497.336,18617.488
2230.071,14753.588,19144.582,15515.176,3397.1602,17111.19,23742.377,8708.847,19493.148,25766.254,19648.396,18496.809,41555.91,4457.794,14489.111,18615.604
2235.7412,14737.818,19143.62,15519.459,3383.2524,17115.52,23726.254,8717.254,19479.861,25747.844,19644.016,18477.598,41547.293,4441.2095,14480.398,18636.045
2245.2322,14741.104,19146.613,15525.02,3389.2146,17113.756,23731.78,8714.383,19491.08,25751.143,19653.227,18491.723,41549.766,4444.4336,14481.883,18615.967
2245.001,14735.823,19150.068,15524.776,3398.0728,17115.021,23723.578,8715.733,19497.809,25761.436,19653.264,18503.258,41575.074,4456.8813,14487.152,18622.05
2250.7075,14746.166,19153.889,15521.54,3397.3062,17125.438,23742.11,8713.081,19497.918,25775.988,19659.578,18494.4,41581.863,4459.996,14495.535,18624.059
2251.3767,14731.783,19156.506,15526.078,3396.9775,17128.418,23731.377,8714.261,19497.615,25776.219,19656.27,18494.486,41559.39,4460.9087,14489.342,18619.398
2241.4966,14746.847,19149.047,15529.011,3404.181,17115.252,23731.973,8712.083,19497.322,25762.105,19648.373,18506.252,41575.938,4463.0747,14493.418,18619.63
2245.6335,14743.403,19151.771,15525.567,3398.3892,17122.36,23746.562,8720.88,19496.568,25773.08,19641.57,18491.564,41561.383,4457.9033,14493.394,18621.748
2248.627,14724.324,19148.438,15511.66,3383.5444,17117.99,23723.785,8714.577,19498.38,25765.402,19635.889,18482.732,41545.227,4451.479,14484.158,18617.744
2249.5515,14747.395,19156.164,15531.992,3405.5193,17128.271,23737.352,8707.447,19499.148,25784.322,19659.725,18503.186,41556.348,4470.4727,14498.127,18625.787
2235.1208,14728.547,19147.441,15539.231,3395.9067,17118.695,23733.36,8705.61,19491.762,25779.018,19661.428,18493.877,41559.5,4460.483,14495.28,18617.951
2248.42,14749.11,19153.232,15531.493,3401.0051,17123.844,23756.553,8717.583,19506.996,25780.223,19656.33,18497.855,41511.984,4455.981,14499.696,18622.965
2227.09,14737.989,19133.691,15496.718,3384.8828,17108.658,23729.223,8737.903,19477.807,25742.734,19621.908,18474.81,41524.152,4441.0146,14472.745,18610.066
2237.8584,14734.277,19144.266,15522.878,3391.3684,17111.748,23726.23,8720.564,19486.518,25764.43,19642.787,18481.21,41522.973,4455.0073,14487.066,18606.867
2243.5652,14742.32,19154.924,15522.988,3399.2043,17127.748,23741.258,8720.114,19492.406,25771.498,19637.98,18486.176,41522.656,4462.5396,14500.865,18620.773
2249.284,14756.325,19160.861,15526.967,3417.4924,17126.422,23748.084,8720.564,19508.457,25778.385,19641.06,18509.074,41545.36,4482.2876,14505.732,18614.848
2258.8965,14776.099,19165.668,15537.918,3425.3647,17130.84,23750.88,8719.079,19521.549,25785.49,19648.068,18515.803,41551.043,4485.2197,14504.637,18618.572
2267.864,14759.137,19163.113,15519.301,3407.5757,17131.97,23743.326,8703.079,19510.621,25782.352,19684.633,18501.834,41539.703,4471.166,14500.257,18613.254
2248.42,14757.141,19159.402,15534.535,3413.5256,17125.352,23740.064,8700.791,19510.014,25777.898,19665.201,18514.55,41547.527,4473.9526,14500.913,18616.2
2245.5605,14757.457,19152.686,15512.597,3416.1174,17118.793,23733.932,8713.957,19506.777,25777.62,19647.8,18512.25,41568.516,4472.0303,14496.302,18613.645
2246.8503,14750.108,19146.309,15513.887,3404.0227,17113.549,23734.078,8710.902,19505.78,25759.416,19641.51,18505.242,41563.65,4462.296,14497.859,18613.947
2241.302,14745.266,19143.412,15514.52,3405.069,17111.773,23735.246,8703.761,19511.205,25762.787,19646.305,18512.31,41580.293,4462.2593,14494.209,18609.822
2247.4465,14742.856,19148.523,15524.363,3413.2214,17114.826,23747.73,8703.651,19512.13,25781.256,19678.572,18519.027,41571.19,4473.174,14502.738,18609.312
2254.577,14752.493,19155.629,15528.804,3408.8533,17122.627,23752.39,8725.054,19511.389,25766.156,19652.28,18508.467,41568.367,4462.6367,14500.281,18618.814
2238.5034,14742.028,19142.854,15509.677,3391.4656,17112.977,23744.799,8688.611,19493.053,25760.207,19646.78,18495.629,41567.7,4453.036,14495.706,18605.479
2230.862,14728.328,19138.898,15510.078,3395.2498,17105.701,23738.629,8696.387,19484.729,25754.598,19645.951,18495.812,41562.785,4456.1514,14478.257,18605.467
2247.8481,14735.446,19151.066,15525.543,3396.564,17116.957,23735.781,8721.708,19497.676,25763.357,19653.86,18497.418,41568.953,4460.1543,14489.184,18617.586
2243.0906,14739.668,19144.605,15510.698,3389.4092,17113.367,23744.19,8726.429,19493.295,25763.53,19638.078,18487.977,41561.043,4448.376,14485.874,18602.23
2250.8293,14723.327,19146.176,15518.839,3392.1348,17113.477,23724.623,8706.182,19492.955,25770.379,19643.494,18493.646,41530.977,4456.285,14482.395,18606.111
2243.6504,14739.656,19145.75,15521.966,3393.1448,17111.967,23728.225,8727.877,19489.596,25754.975,19633.625,18494.51,41530.99,4451.637,14484.292,18617.123
2252.9707,14754.099,19151.213,15516.296,3394.897,17114.145,23734.213,8729.203,19500.305,25765.56,19662.78,18499.693,41561.4,4460.787,14495.109,18611.453
2260.5024,14758.808,19158.465,15529.521,3407.1619,17121.629,23738.24,8725.796,19499.586,25776.56,19675.08,18501.422,41546.688,4466.871,14498.602,18616.746
2250.5251,14767.702,19157.32,15536.859,3409.498,17127.02,23759.447,8730.067,19496.617,25786.732,19659.943,18499.863,41535.273,4470.059,14511.086,18630.13
2262.7537,14749.025,19157.723,15528.378,3399.1677,17131.496,23747.305,8719.444,19496.605,25783.64,19654.883,18487.635,41537.39,4457.794,14495.584,18616.455
2259.018,14735.336,19150.98,15526.602,3396.3083,17114.9,23697.355,8708.688,19495.705,25766.63,19645.33,18495.97,41536.637,4463.732,14484.889,18607.402
2246.315,14754.938,19153.951,15524.923,3410.6663,17119.5,23721.047,8721.61,19502.02,25781.22,19649.65,18505.57,41540.7,4473.381,14496.302,18618.182
2255.3313,14750.668,19158.367,15527.089,3406.3833,17126.738,23732.533,8709.601,19500.656,25784.555,19651.123,18493.037,41521.95,4461.1523,14495.56,18610.066
2238.406,14745.74,19144.582,15519.204,3388.9226,17112.418,23715.023,8709.601,19488.33,25760.354,19643.396,18495.908,41525.355,4456.2363,14488.722,18617.39
2258.5923,14777.802,19163.54,15539.706,3421.7876,17131.047,23733.203,8712.2295,19512.861,25785.309,19644.504,18525.014,41558.453,4476.6416,14510.745,18619.326
2264.8828,14749.536,19164.914,15532.563,3411.5303,17130.389,23722.568,8727.864,19514.162,25777.777,19668.96,18513.504,41572.3,4467.5522,14496.497,18614.082
2264.5056,14748.295,19165.596,15529.632,3407.0037,17131.582,23723.31,8721.938,19513.201,25778.445,19684.777,18516.57,41573.844,4471.227,14500.487,18616.723
2256.548,14754.549,19159.754,15519.545,3410.9827,17125.57,23724.064,8712.375,19507.945,25774.795,19649.7,18519.879,41593.4,4469.0127,14491.739,18615.336
2247.4224,14733.889,19154.242,15515.48,3393.1448,17119.025,23719.977,8715.709,19494.379,25760.984,19654.066,18496.725,41553.695,4454.9224,14483.952,18613.352
2246.887,14728.023,19152.393,15508.398,3391.4656,17118.453,23724.686,8717.474,19499.646,25766.668,19651.56,18501.81,41554.96,4459.765,14493.224,18610.42
2250.586,14737.393,19152.43,15507.839,3406.1033,17117.88,23737.46,8701.473,19503.21,25767.191,19643.08,18510.498,41539.36,4463.33,14490.948,18610.602
2237.7002,14734.412,19144.654,15501.171,3394.8118,17112.576,23722.385,8690.656,19494.049,25764.951,19641.656,18495.508,41566.18,4460.3125,14488.101,18604.371
2255.66,14744.876,19160.887,15517.768,3405.775,17122.455,23732.824,8727.536,19505.61,25773.457,19650.088,18505.4,41573.332,4472.6143,14502.435,18608.996
2252.8855,14757.421,19159.34,15514.361,3416.0566,17118.77,23743.52,8723.277,19506.607,25773.604,19645.05,18519.562,41571.836,4478.686,14507.995,18606.502
2258.288,14766.413,19161.52,15517.038,3416.3972,17124.16,23740.502,8718.617,19507.945,25774.734,19644.71,18515.037,41569.523,4474.403,14505.586,18605.99
2265.3574,14761.351,19169.451,15518.182,3411.883,17134.842,23741.525,8718.191,19512.812,25790.078,19649.748,18511.643,41567.797,4476.277,14515.356,18619.861
2267.0244,14759.148,19172.068,15514.166,3419.9502,17135.098,23734.76,8716.877,19507.86,25798.633,19645.44,18512.408,41560.74,4483.2246,14508.227,18608.326
2264.2502,14738.135,19163.965,15529.193,3405.142,17125.838,23720.863,8713.422,19498.637,25769.928,19637.336,18498.04,41531.234,4468.1123,14487.042,18613.121
2262.6685,14738.694,19157.76,15502.559,3393.4976,17125.035,23732.838,8713.409,19494.791,25773.396,19626.033,18487.805,41522.508,4454.4355,14495.401,18607.938
2243.553,14744.511,19153.27,15516.332,3395.5054,17120.703,23729.54,8734.155,19495.059,25768.201,19640.232,18502.797,41529.832,4459.2905,14490.778,18607.96
2259.8577,14756.739,19154.887,15531.323,3405.7627,17115.436,23715.791,8719.165,19503.541,25759.684,19630.852,18511.021,41560.312,4458.9253,14486.629,18601.756
2272.9866,14765.135,19174.016,15533.452,3416.4094,17140.695,23735.05,8726.514,19523.422,25793.352,19696.873,18513.479,41546.176,4477.7,14509.139,18610.455
2288.6465,14773.373,19185.367,15551.886,3428.8083,17146.549,23739.87,8733.705,19527.328,25793.438,19695.521,18529.139,41575.45,4487.41,14511.962,18628.805
2282.672,14765.877,19186.365,15561.183,3432.3005,17146.633,23738.324,8737.063,19528.18,25795.895,19684.352,18529.602,41567.176,4490.9385,14509.528,18633.27
2262.5833,14749.073,19164.268,15532.917,3404.7163,17132.52,23720.037,8724.202,19501.605,25780.928,19664.762,18501.396,41536.38,4464.9727,14500.853,18614.764
2273.7166,14769.418,19178.785,15541.397,3419.9988,17149.992,23737.814,8724.02,19514.564,25796.55,19674.824,18519.637,41557.066,4478.236,14510.757,18636.98
2269.8352,14762.434,19173.188,15540.376,3425.4622,17137.264,23732.217,8715.441,19519.262,25792.549,19664.836,18523.883,41549.34,4484.8794,14505.695,18614.654
2274.9092,14743.708,19173.053,15542.639,3416.604,17136.63,23725.146,8721.452,19520.855,25787.791,19667.621,18514.355,41543.645,4479.2456,14496.789,18612.365
2281.1755,14751.276,19181.219,15552.944,3421.167,17148.896,23730.586,8720.162,19528.63,25794.447,19661.781,18525.074,41557.164,4484.161,14508.555,18633.246
2268.667,14754.658,19167.566,15532.224,3422.5906,17136.887,23729.053,8719.128,19517.861,25789.494,19685.594,18522.021,41570.484,4477.542,14500.792,18612.682
2273.8628,14750.314,19168.271,15534.888,3416.2268,17135.828,23732.29,8722.997,19519.832,25795.7,19675.045,18515.28,41559.79,4477.7246,14506.194,18617.72
2272.2444,14753.053,19168.102,15542.128,3412.8809,17136.352,23760.457,8720.54,19516.621,25782.035,19671.174,18515.486,41565.277,4474.512,14505.136,18612.16
2265.7102,14759.343,19169.854,15535.265,3424.6833,17139.004,23730.39,8719.056,19520.197,25787.256,19665.055,18526.814,41574.28,4486.765,14506.596,18612.477
2282.1975,14758.881,19172.725,15547.81,3424.1846,17133.76,23718.455,8726.137,19531.076,25782.898,19675.434,18527.412,41581.316,4483.772,14500.184,18611.77
2273.303,14770.452,19165.51,15520.043,3414.8032,17132.264,23738.094,8720.491,19517.13,25783.812,19675.166,18517.75,41584.395,4468.7812,14506.389,18612.78
2252.3745,14769.795,19161.348,15531.81,3416.02,17126.824,23743.459,8715.052,19511.049,25789.105,19668.219,18522.922,41584.297,4469.499,14502.812,18602.133
2244.4412,14755.413,19147.793,15517.232,3403.4387,17112.965,23722.678,8701.96,19497.688,25762.713,19642.52,18508.027,41550.715,4460.775,14488.466,18602.254
2253.2385,14767.751,19155.91,15522.428,3411.4573,17122.518,23737.936,8727.609,19512.703,25771.887,19648.19,18518.297,41553.742,4467.09,14501.485,18610.139
2253.932,14767.605,19155.764,15522.55,3417.8938,17125.754,23727.398,8718.69,19515.502,25781.025,19667.986,18523.225,41572.97,4473.101,14500.707,18609.52
2250.513,14778.848,19155.752,15523.0,3427.2388,17125.521,23740.734,8723.594,19516.06,25783.982,19664.994,18529.225,41578.676,4480.937,14509.698,18613.547
2263.8853,14788.838,19160.715,15533.051,3425.231,17127.846,23740.55,8697.093,19520.283,25788.303,19665.262,18524.188,41561.848,4472.651,14511.317,18598.531
2272.8528,14779.772,19167.943,15533.147,3428.3337,17135.646,23740.418,8721.562,19528.363,25797.635,19660.783,18530.867,41568.113,4483.626,14511.512,18606.635
2269.8596,14777.2295,19168.818,15540.874,3436.4253,17127.299,23732.229,8716.536,19530.82,25795.518,19674.191,18536.902,41577.152,4492.4717,14512.936,18603.545
2268.6914,14766.498,19164.256,15534.401,3417.541,17129.123,23721.314,8736.723,19523.191,25771.791,19669.982,18517.86,41565.387,4476.946,14497.848,18609.154
2282.6113,14764.32,19173.686,15535.289,3419.2566,17137.252,23731.986,8719.274,19530.006,25792.598,19666.94,18522.678,41559.074,4485.001,14508.567,18609.664
2268.4602,14763.285,19163.709,15547.64,3424.866,17126.715,23729.674,8731.722,19521.195,25779.785,19669.312,18529.955,41567.336,4484.721,14500.768,18612.975
2275.2375,14762.0205,19168.344,15546.654,3416.9204,17133.42,23732.326,8730.104,19526.404,25785.588,19672.707,18523.42,41545.48,4482.6284,14504.71,18613.291
2287.819,14758.078,19179.783,15548.37,3425.9731,17144.88,23723.346,8726.77,19538.936,25801.541,19687.357,18529.82,41545.566,4492.411,14513.556,18613.875
2274.7874,14752.748,19169.307,15541.154,3421.8606,17131.533,23723.139,8733.62,19519.748,25787.596,19655.674,18517.396,41570.387,4484.599,14502.849,18602.559
2277.1724,14756.423,19170.814,15549.209,3419.8528,17132.604,23737.559,8717.802,19525.418,25789.615,19670.006,18520.951,41578.81,4484.648,14505.951,18611.867
2288.3179,14753.004,19178.443,15556.303,3417.4436,17149.518,23729.771,8717.182,19532.11,25799.691,19665.104,18521.363,41582.29,4484.7573,14505.598,18608.605
2288.549,14760.584,19178.785,15557.118,3423.2234,17134.186,23718.953,8715.234,19532.5,25786.111,19709.527,18530.574,41583.395,4485.244,14500.658,18608.533
2275.7974,14767.495,19166.338,15540.437,3422.7488,17125.34,23727.252,8717.108,19518.604,25780.562,19673.9,18528.457,41599.555,4479.221,14503.262,18612.293
2282.6235,14760.146,19167.383,15548.029,3411.5667,17127.36,23734.88,8722.475,19518.373,25780.223,19650.43,18514.55,41569.11,4473.5874,14502.106,18611.37
2267.426,14727.379,19160.29,15548.212,3403.0493,17127.676,23712.71,8717.619,19506.875,25775.393,19700.486,18503.525,41542.695,4464.9727,14480.728,18609.629
2249.649,14724.933,19147.758,15538.5625,3400.7495,17113.707,23703.768,8695.961,19504.635,25765.791,19672.014,18509.22,41557.164,4462.211,14483.623,18605.37
2264.1772,14754.914,19158.951,15534.1455,3414.1218,17124.61,23729.102,8709.455,19519.71,25788.861,19675.652,18520.244,41570.742,4474.403,14506.754,18602.219
2276.126,14770.537,19171.959,15548.979,3431.68,17135.523,23735.1,8736.54,19533.156,25781.22,19687.455,18540.637,41579.004,4489.7827,14504.138,18605.87
2266.9636,14776.11,19163.562,15538.393,3432.7263,17125.9,23726.51,8727.378,19528.314,25780.38,19670.42,18539.336,41558.05,4493.6763,14510.988,18598.896
2273.1326,14801.006,19167.664,15537.76,3439.7227,17132.543,23757.27,8702.228,19533.314,25796.709,19675.969,18541.477,41571.4,4489.734,14525.505,18595.83
2272.3904,14776.707,19162.2,15521.309,3425.4622,17126.617,23726.012,8721.574,19529.434,25778.727,19662.67,18534.736,41567.7,4481.947,14503.81,18593.896
2275.3105,14777.2295,19170.559,15527.903,3433.6511,17125.559,23730.623,8718.994,19527.889,25775.367,19658.508,18533.787,41560.812,4485.5,14501.692,18595.465
2250.5981,14751.896,19155.703,15512.864,3409.6199,17118.379,23707.2,8703.432,19503.37,25766.023,19641.947,18507.955,41544.336,4469.365,14492.299,18596.086
2266.1726,14772.825,19170.559,15529.996,3427.616,17134.393,23731.023,8712.667,19517.57,25789.264,19656.926,18527.387,41570.133,4489.0894,14514.59,18602.133
2261.3665,14763.127,19163.611,15528.195,3426.5085,17128.297,23721.496,8713.628,19510.111,25777.424,19646.889,18523.773,41538.996,4482.409,14499.916,18599.566
2257.2295,14770.987,19161.312,15526.322,3425.6082,17128.76,23739.299,8708.615,19518.094,25783.64,19650.6,18531.062,41570.523,4481.229,14514.42,18604.81
2276.8074,14784.36,19171.3,15538.709,3432.5925,17141.23,23735.05,8714.505,19527.23,25795.955,19679.072,18530.355,41573.59,4485.4756,14523.339,18607.389
2259.2007,14773.494,19160.898,15532.563,3427.7375,17127.287,23732.582,8733.754,19512.836,25780.344,19667.646,18527.3,41561.848,4481.46,14505.914,18596.39
2259.0059,14751.154,19153.123,15531.505,3412.3088,17117.795,23713.016,8711.426,19510.574,25770.707,19658.885,18510.0,41554.305,4471.957,14488.43,18591.219
2261.7922,14739.023,19156.104,15532.516,3404.254,17124.074,23709.281,8708.798,19516.268,25796.637,19662.146,18512.846,41565.9,4476.8853,14503.883,18603.8
2270.614,14755.061,19168.686,15559.832,3413.8542,17138.031,23721.338,8736.297,19517.145,25778.238,19670.762,18528.36,41574.184,4474.6704,14490.534,18608.047
2258.276,14733.305,19149.277,15548.224,3392.5486,17116.117,23705.91,8719.348,19501.217,25752.48,19696.69,18506.422,41544.594,4461.0913,14474.631,18592.715
2283.3413,14749.561,19163.94,15536.409,3404.3147,17128.09,23730.695,8720.418,19518.02,25777.035,19685.63,18513.809,41580.062,4472.699,14497.8955,18594.771
2263.3862,14754.537,19164.22,15557.459,3414.998,17130.572,23728.336,8711.961,19515.477,25782.729,19685.752,18525.744,41591.598,4478.686,14494.902,18598.543
2268.4602,14771.316,19166.338,15552.774,3421.824,17132.75,23716.338,8689.792,19519.48,25784.518,19657.96,18534.176,41584.965,4485.67,14497.689,18597.51
2284.7405,14764.831,19176.46,15558.469,3418.052,17144.455,23726.012,8713.859,19525.723,25796.66,19686.469,18524.734,41574.637,4476.861,14500.755,18600.393
2261.8652,14745.654,19152.441,15527.161,3400.19,17110.75,23702.283,8725.346,19507.81,25748.137,19656.512,18513.443,41561.445,4463.2817,14479.45,18606.148
2275.3835,14779.48,19167.639,15537.212,3425.949,17119.719,23720.293,8719.335,19518.822,25778.75,19665.006,18528.871,41566.652,4482.263,14496.484,18603.678
2260.1863,14765.038,19157.016,15528.95,3408.8777,17122.785,23715.693,8696.326,19507.082,25779.723,19661.295,18513.018,41548.023,4470.874,14494.331,18590.44
2264.1284,14769.747,19162.88,15534.328,3416.8596,17123.66,23715.596,8700.974,19509.783,25778.92,19654.115,18514.076,41558.38,4475.5225,14498.091,18595.72
2265.4426,14756.654,19159.402,15526.833,3419.0742,17121.738,23710.145,8731.855,19513.883,25766.01,19624.451,18520.635,41552.914,4470.2417,14482.455,18600.38
2243.7476,14743.307,19135.76,15509.141,3395.1523,17102.72,23699.072,8703.177,19487.32,25751.02,19642.422,18494.424,41532.414,4451.2964,14478.671,18588.748
2265.9536,14773.287,19156.736,15530.374,3424.1238,17124.963,23724.953,8708.98,19513.031,25791.623,19669.812,18525.744,41541.08,4482.0317,14513.228,18596.025
2256.317,14778.714,19151.7,15526.809,3429.8425,17121.445,23734.65,8718.678,19512.91,25769.113,19649.99,18526.11,41546.418,4480.584,14501.838,18596.512
2242.689,14760.597,19136.1,15510.212,3407.296,17103.23,23717.385,8705.317,19496.934,25753.502,19642.373,18499.51,41529.09,4460.3857,14489.342,18586.656
2247.9333,14755.17,19136.574,15512.864,3399.9343,17109.547,23723.846,8708.007,19492.88,25759.586,19650.271,18496.178,41538.207,4454.8735,14490.048,18588.31
2250.3547,14772.825,19141.041,15517.05,3415.509,17106.797,23734.357,8710.55,19506.545,25764.697,19650.465,18521.254,41567.176,4469.6333,14499.174,18582.129
2262.9482,14775.429,19152.186,15523.682,3420.6924,17115.375,23731.316,8703.298,19520.502,25769.26,19654.395,18530.38,41596.414,4473.9404,14499.587,18590.646
2261.2083,14763.042,19149.91,15540.862,3408.2327,17116.068,23731.11,8700.913,19507.885,25770.402,19683.549,18514.148,41584.285,4465.5083,14496.947,18586.62
2260.0522,14753.198,19146.309,15527.259,3403.4995,17114.377,23725.379,8704.308,19500.012,25761.424,19640.61,18508.527,41562.723,4465.63,14487.614,18594.432
2255.9275,14773.871,19144.727,15530.276,3408.8047,17110.252,23732.764,8697.275,19505.049,25760.365,19677.05,18517.494,41556.957,4462.4785,14495.219,18590.574
2253.6765,14752.115,19144.484,15541.105,3394.6172,17111.955,23722.312,8708.47,19496.324,25759.232,19676.65,18498.295,41576.203,4446.5874,14477.053,18581.936
2248.87,14733.974,19138.352,15530.97,3391.8428,17105.848,23698.865,8706.984,19492.188,25753.064,19667.586,18508.576,41583.555,4451.8076,14471.857,18585.33
2264.7734,14764.575,19151.602,15550.0,3414.2437,17111.615,23712.979,8699.222,19509.855,25760.984,19676.285,18524.03,41598.254,4467.0293,14483.952,18601.16
2256.9983,14763.407,19142.307,15529.449,3401.6135,17108.342,23717.19,8688.246,19502.701,25773.86,19670.53,18510.182,41559.473,4458.2197,14490.23,18584.076
2260.9526,14765.768,19150.822,15537.406,3407.7703,17110.068,23719.514,8721.343,19510.22,25750.594,19669.885,18518.7,41584.758,4458.098,14481.871,18594.115
2261.549,14761.363,19148.074,15536.056,3411.6396,17106.371,23727.994,8713.75,19516.451,25750.91,19649.504,18530.453,41571.4,4465.6177,14480.776,18589.441
2269.8474,14778.288,19160.654,15541.836,3417.9426,17122.322,23712.979,8710.61,19525.979,25767.568,19655.904,18531.523,41571.508,4474.403,14495.377,18592.764
2287.1377,14778.848,19170.73,15553.711,3424.9756,17133.736,23704.377,8690.802,19525.004,25785.553,19699.707,18529.09,41573.977,4484.8794,14504.247,18604.324
2267.8032,14777.011,19161.324,15532.71,3429.2341,17121.543,23714.111,8686.786,19520.027,25780.988,19679.533,18534.371,41565.645,4481.91,14499.8545,18586.838
2263.9946,14761.923,19158.732,15543.624,3413.1606,17117.418,23699.898,8727.828,19512.252,25759.793,19660.188,18518.055,41555.094,4470.047,14488.016,18592.484
2274.3494,14763.614,19163.904,15549.209,3412.9902,17127.092,23707.127,8713.446,19515.646,25771.158,19656.244,18518.748,41560.69,4470.582,14495.778,18589.783
2261.622,14777.899,19156.213,15535.643,3420.2666,17115.229,23715.607,8706.061,19513.615,25757.846,19665.42,18525.975,41556.14,4469.9736,14492.189,18579.805
2261.3787,14776.232,19157.041,15531.736,3415.6914,17117.59,23715.049,8717.839,19510.002,25764.514,19675.373,18521.314,41535.637,4472.8574,14493.053,18591.11
2273.3638,14772.448,19167.492,15536.494,3415.6184,17129.635,23728.006,8715.965,19516.656,25772.994,19661.246,18524.188,41568.21,4473.271,14498.76,18595.818
2267.7544,14771.121,19163.672,15542.639,3417.9668,17123.21,23731.791,8704.94,19513.834,25772.045,19652.607,18528.932,41564.56,4471.519,14494.063,18595.016
2270.906,14748.003,19150.264,15495.245,3397.8538,17106.055,23710.947,8691.52,19499.732,25753.746,19657.242,18502.941,41556.2,4451.126,14476.943,18572.627
2247.0085,14745.424,19150.215,15522.197,3392.5242,17107.404,23713.637,8696.106,19495.363,25763.87,19660.504,18502.176,41551.176,4451.929,14489.111,18582.129
2257.0469,14757.628,19158.586,15531.591,3410.0457,17124.135,23725.086,8707.253,19505.95,25764.709,19665.785,18518.383,41546.504,4468.4404,14492.226,18590.232
2269.7378,14770.111,19158.246,15532.844,3419.3904,17111.127,23730.197,8705.816,19512.12,25762.871,19661.623,18526.863,41554.84,4475.352,14499.393,18584.174
2267.426,14766.327,19160.314,15525.531,3403.621,17118.05,23720.11,8710.5625,19512.738,25763.59,19654.566,18510.96,41568.902,4468.234,14490.596,18591.705
2274.459,14757.749,19164.512,15539.986,3405.7505,17123.953,23708.72,8707.362,19509.734,25757.469,19662.535,18516.691,41564.22,4467.248,14483.732,18594.102
2263.5933,14762.677,19158.549,15524.01,3408.8777,17118.648,23710.107,8695.206,19508.87,25760.547,19648.773,18522.338,41561.48,4470.8496,14488.089,18591.803
2267.2434,14778.3125,19161.69,15521.917,3414.3286,17122.7,23729.127,8708.834,19513.932,25772.691,19651.39,18517.215,41560.082,4471.4463,14502.532,18590.232
2269.8596,14763.9795,19165.314,15525.202,3410.7637,17127.494,23709.926,8709.832,19512.715,25772.312,19653.908,18521.412,41552.77,4475.425,14493.139,18589.893
2277.8293,14754.232,19172.31,15541.3,3420.7168,17138.918,23691.576,8705.549,19521.244,25781.305,19662.705,18534.006,41582.69,4483.7964,14487.712,18595.307
2268.3508,14760.572,19155.436,15522.27,3401.857,17117.504,23692.598,8685.825,19505.158,25752.139,19638.406,18506.312,41565.875,4458.8403,14476.432,18586.62
2258.1177,14741.651,19148.06,15516.332,3390.3706,17111.639,23696.65,8697.555,19491.92,25753.562,19632.068,18495.277,41541.1,4451.966,14472.782,18582.373
2258.0325,14765.221,19154.23,15525.458,3410.5325,17119.9,23714.719,8697.189,19504.197,25768.299,19654.773,18521.582,41556.918,4472.541,14491.654,18587.654
2260.1375,14775.466,19154.121,15526.37,3410.1794,17113.986,23709.768,8709.589,19508.785,25762.201,19620.922,18521.912,41571.9,4466.8833,14487.347,18578.588
2257.3389,14772.034,19153.768,15510.602,3406.9307,17118.6,23725.975,8695.997,19509.758,25781.793,19640.402,18514.197,41538.836,4464.4375,14500.099,18577.943
2251.9487,14786.124,19152.246,15514.386,3416.2148,17117.383,23740.479,8712.168,19500.11,25772.861,19661.684,18515.025,41550.617,4465.2163,14499.515,18580.645
2252.4597,14780.175,19147.488,15523.0,3402.6477,17112.467,23719.623,8716.293,19494.719,25743.27,19655.332,18503.89,41541.355,4454.253,14477.503,18577.117
2256.5845,14763.018,19146.832,15529.425,3395.3105,17109.484,23719.867,8704.04,19497.883,25751.105,19659.178,18500.156,41538.277,4452.598,14485.729,18580.244
2268.1438,14772.314,19155.787,15511.015,3412.9172,17117.053,23725.768,8706.413,19507.373,25765.074,19653.775,18518.236,41558.51,4466.7373,14496.375,18581.266
2258.1543,14779.371,19151.334,15514.97,3409.036,17109.084,23727.398,8712.01,19508.748,25756.447,19655.467,18514.027,41556.59,4466.0923,14493.077,18585.146
2271.0276,14781.72,19158.453,15515.761,3403.962,17124.865,23737.68,8682.698,19505.95,25769.502,19682.455,18509.938,41553.645,4462.649,14499.429,18587.629
2257.278,14755.243,19150.373,15536.701,3398.669,17118.732,23718.102,8715.04,19492.541,25759.89,19654.553,18502.82,41551.1,4457.4775,14485.667,18588.541
2258.203,14767.508,19149.703,15528.281,3407.661,17117.541,23728.02,8708.141,19498.965,25766.582,19650.928,18514.502,41552.723,4464.1455,14495.39,18579.646
2254.37,14757.871,19143.936,15510.784,3394.2397,17116.652,23711.045,8710.489,19496.64,25755.766,19652.291,18500.97,41560.848,4450.749,14479.814,18582.848
2249.3083,14754.232,19145.117,15509.068,3390.8572,17110.969,23716.97,8710.002,19492.82,25758.71,19643.238,18497.016,41551.13,4457.794,14483.331,18589.234
2258.276,14774.078,19153.05,15519.679,3406.59,17118.562,23730.586,8709.248,19502.408,25776.658,19646.365,18513.795,41545.094,4471.7505,14494.55,18578.953
2264.5422,14772.509,19157.357,15519.423,3402.5383,17121.81,23735.32,8701.376,19509.562,25773.604,19646.95,18512.943,41572.87,4466.4937,14495.122,18577.08
2263.2524,14764.101,19163.32,15525.397,3399.825,17128.162,23718.248,8705.524,19504.54,25767.934,19635.705,18508.758,41567.36,4471.8965,14488.247,18592.775
2270.772,14776.755,19170.875,15531.323,3415.7888,17138.14,23718.406,8705.72,19512.045,25775.977,19663.193,18518.406,41566.97,4482.8105,14489.743,18589.758
2274.5198,14772.959,19163.732,15514.105,3408.6707,17125.57,23714.281,8710.83,19513.201,25771.863,19676.65,18514.672,41553.926,4477.2866,14493.235,18589.004
2277.1846,14772.983,19170.705,15541.3,3417.8208,17126.848,23719.94,8696.302,19520.125,25785.139,19674.959,18525.707,41568.94,4482.531,14505.513,18593.117
2260.3687,14777.157,19159.705,15534.985,3418.697,17119.512,23706.19,8721.623,19512.617,25764.635,19654.066,18528.834,41558.5,4477.591,14487.298,18584.94
2260.0159,14772.059,19160.07,15531.165,3416.385,17122.76,23719.684,8706.924,19509.26,25772.094,19655.357,18520.477,41561.98,4477.615,14497.933,18584.672
2277.805,14778.666,19175.025,15542.639,3427.9932,17136.57,23722.324,8723.059,19525.795,25785.564,19689.865,18532.23,41570.414,4489.552,14510.77,18590.123
2286.7969,14790.115,19178.127,15539.438,3439.2117,17140.1,23714.354,8715.052,19531.064,25795.443,19668.838,18541.684,41574.902,4500.5146,14510.574,18594.164
2272.4026,14769.723,19170.377,15531.518,3424.3672,17127.31,23701.066,8709.698,19520.064,25775.258,19647.217,18522.836,41550.117,4484.9277,14493.065,18586.887
2268.4358,14759.015,19160.947,15530.082,3403.682,17121.08,23694.715,8705.05,19515.379,25764.709,19654.98,18511.424,41550.773,4471.945,14487.188,18579.428
2278.2551,14768.007,19166.824,15533.695,3419.8042,17125.121,23718.004,8702.324,19523.568,25776.184,19685.375,18524.26,41550.676,4488.2983,14499.952,18589.6
2269.3728,14748.088,19159.754,15530.994,3412.3577,17120.436,23705.982,8699.818,19506.924,25766.826,19655.43,18506.422,41538.887,4474.9624,14483.66,18582.094
2265.0898,14735.397,19150.727,15506.793,3395.3835,17112.527,23701.31,8699.101,19509.576,25767.447,19641.547,18495.3,41562.81,4466.664,14484.292,18573.818
2267.5476,14751.775,19154.45,15523.243,3401.8325,17117.455,23713.54,8712.302,19500.924,25757.408,19662.012,18496.955,41537.973,4463.1963,14480.679,18580.791
2248.9797,14751.276,19144.217,15527.149,3394.5684,17108.816,23711.434,8707.873,19488.83,25744.28,19659.287,18497.32,41548.074,4459.656,14472.672,18577.42
2261.8896,14750.339,19155.277,15523.401,3396.1624,17123.088,23715.4,8702.008,19502.555,25763.662,19658.156,18496.36,41535.977,4460.69,14484.828,18578.26
2264.9072,14753.149,19157.43,15526.298,3402.1975,17121.396,23724.088,8703.019,19508.676,25767.678,19633.03,18508.576,41553.523,4472.091,14498.675,18582.275
2264.3718,14768.128,19161.725,15523.194,3414.7424,17123.72,23722.629,8708.555,19514.71,25765.95,19679.533,18520.062,41573.176,4481.8496,14494.817,18591.438
2272.4026,14783.229,19167.285,15530.058,3420.4004,17129.465,23738.203,8687.127,19526.307,25780.54,19687.467,18529.236,41598.266,4484.0396,14508.323,18577.555
2275.4565,14784.591,19161.129,15530.629,3415.728,17124.816,23729.041,8709.175,19515.977,25770.586,19674.29,18521.535,41577.4,4470.351,14496.85,18574.684
2255.526,14782.607,19149.887,15518.534,3417.3342,17118.088,23723.42,8711.6455,19502.178,25766.521,19661.502,18525.246,41580.01,4470.144,14496.059,18584.1
2265.2358,14794.094,19156.834,15530.812,3423.7222,17121.361,23728.541,8706.4375,19512.338,25769.564,19670.213,18524.2,41560.63,4474.768,14503.761,18582.86
2253.847,14785.163,19148.56,15512.621,3412.3818,17112.26,23718.979,8712.411,19504.16,25762.117,19657.729,18514.963,41578.297,4466.8955,14494.331,18576.41
2252.2407,14786.732,19147.55,15519.69,3418.2588,17112.15,23721.654,8704.965,19503.99,25765.5,19651.365,18520.256,41568.285,4473.32,14496.205,18580.803
2261.7192,14787.925,19153.865,15529.254,3421.4834,17115.13,23719.379,8701.448,19512.97,25772.021,19648.19,18528.068,41581.11,4478.333,14506.061,18587.799
2289.851,14816.179,19168.041,15514.592,3431.972,17130.0,23749.969,8719.262,19525.504,25781.354,19675.678,18532.875,41579.223,4482.6284,14520.431,18589.37
2246.7773,14770.915,19148.975,15511.429,3413.1484,17112.441,23703.074,8689.159,19499.465,25770.5,19648.945,18510.365,41532.754,4469.4873,14485.85,18571.896
2255.7693,14758.979,19157.467,15525.008,3422.2012,17119.78,23699.084,8687.322,19511.145,25789.396,19653.35,18518.225,41545.47,4484.064,14498.492,18576.643
2278.815,14770.173,19173.188,15540.303,3425.3892,17144.455,23725.635,8715.965,19525.734,25789.154,19644.916,18523.857,41551.2,4487.1426,14501.619,18582.713
2266.5986,14769.26,19163.746,15526.894,3429.7332,17125.498,23708.758,8710.525,19524.336,25766.498,19664.434,18533.652,41529.613,4485.743,14499.989,18586.363
2268.6184,14772.837,19167.201,15537.723,3433.1765,17127.213,23712.797,8702.738,19521.84,25775.137,19686.201,18534.664,41548.242,4488.6997,14503.725,18593.615
2276.6248,14784.859,19172.262,15538.015,3431.2905,17138.955,23720.682,8687.078,19521.621,25794.482,19671.807,18525.744,41582.703,4487.933,14523.205,18592.459
2269.0686,14762.032,19164.414,15525.969,3419.719,17130.219,23707.541,8718.727,19510.44,25778.35,19657.207,18512.02,41541.867,4480.7056,14494.878,18588.943
2267.2434,14743.866,19161.52,15525.762,3412.4915,17124.281,23702.516,8711.085,19510.244,25770.209,19655.21,18511.934,41543.473,4483.492,14491.849,18588.408
2271.2954,14764.344,19162.213,15516.624,3411.6882,17128.648,23723.443,8702.105,19510.025,25776.78,19630.852,18506.434,41557.344,4474.22,14506.413,18595.684
2268.8982,14771.073,19169.416,15522.27,3412.6008,17139.88,23733.543,8705.707,19506.63,25781.463,19670.992,18504.086,41553.62,4474.999,14501.802,18602.596
2253.494,14743.891,19154.4,15518.462,3401.65,17115.691,23706.531,8697.956,19491.385,25762.543,19662.926,18496.043,41526.49,4468.611,14483.842,18572.541
2247.252,14741.42,19147.574,15510.272,3392.0984,17110.652,23707.541,8692.895,19484.63,25760.012,19646.28,18485.434,41521.523,4458.9253,14484.171,18574.402
2247.4343,14751.544,19145.86,15510.005,3395.2375,17111.152,23713.54,8688.259,19487.697,25765.123,19649.541,18493.865,41542.754,4456.346,14486.763,18569.707
2240.949,14761.923,19139.252,15508.581,3402.1975,17103.535,23716.715,8684.803,19493.295,25758.637,19653.617,18507.785,41533.812,4460.483,14485.375,18569.06
2244.0032,14769.661,19138.898,15514.97,3401.3823,17106.115,23724.49,8689.062,19487.018,25767.252,19651.074,18503.223,41576.496,4456.03,14494.744,18568.758
2257.1443,14785.199,19149.594,15518.644,3404.911,17115.033,23735.588,8696.192,19507.775,25775.842,19651.037,18523.604,41593.215,4467.893,14506.925,18577.555
2273.5706,14787.329,19159.354,15517.317,3420.8384,17121.494,23724.697,8698.905,19520.223,25776.086,19663.254,18532.254,41588.152,4481.9956,14494.635,18580.877
2259.7969,14770.44,19152.758,15499.59,3409.5103,17118.49,23714.402,8707.106,19503.09,25761.887,19666.686,18517.896,41571.047,4473.0034,14488.064,18584.197
2253.5305,14787.889,19154.996,15532.199,3413.0269,17117.893,23730.842,8702.239,19499.732,25767.787,19672.672,18518.943,41576.35,4470.1562,14502.738,18582.762
2263.8853,14788.972,19157.297,15526.967,3423.564,17113.33,23732.436,8697.434,19508.346,25771.924,19666.453,18531.086,41576.508,4480.864,14503.749,18571.203
2269.5918,14768.615,19160.229,15524.424,3419.9868,17115.8,23704.426,8711.499,19510.416,25763.613,19668.205,18525.793,41580.22,4481.0586,14491.216,18581.68
2271.4292,14775.49,19161.031,15521.467,3417.6748,17124.537,23715.729,8712.546,19509.941,25774.674,19670.53,18524.139,41568.855,4484.502,14505.318,18587.885
2264.6396,14772.01,19159.182,15525.556,3422.3838,17114.645,23718.21,8709.126,19508.176,25775.623,19665.492,18524.09,41560.91,4484.2344,14505.428,18575.887
2264.6152,14780.028,19159.633,15527.952,3428.6624,17120.936,23725.549,8710.258,19509.32,25774.674,19664.652,18532.01,41584.31,4486.327,14513.799,18583.2
2267.718,14786.8545,19158.816,15522.817,3428.6746,17124.842,23721.63,8700.779,19510.16,25780.027,19668.193,18525.342,41580.465,4475.571,14516.829,18578.102
2271.7456,14790.578,19166.69,15531.651,3440.526,17131.447,23727.629,8715.502,19521.633,25783.252,19678.11,18541.416,41574.938,4491.669,14524.178,18587.387
2271.8064,14781.051,19163.453,15538.282,3440.5867,17126.945,23719.818,8705.123,19517.217,25780.94,19637.98,18534.518,41538.375,4494.358,14511.864,18582.871
2262.8267,14770.793,19162.736,15510.285,3429.441,17127.006,23713.941,8704.381,19511.219,25778.459,19648.178,18519.197,41547.074,4486.181,14510.757,18586.059
2264.7612,14768.116,19164.768,15516.733,3428.6016,17128.15,23714.78,8705.439,19516.512,25779.262,19671.54,18522.678,41556.773,4491.535,14513.58,18588.031
2274.7144,14776.159,19170.072,15535.496,3435.7683,17128.271,23728.615,8698.93,19523.338,25780.672,19694.367,18534.553,41546.332,4498.665,14514.091,18586.412
2276.4058,14762.239,19164.742,15526.687,3416.7136,17123.54,23721.74,8688.94,19513.506,25772.47,19668.45,18515.523,41550.676,4483.188,14503.919,18579.002
2268.5332,14759.331,19160.812,15513.825,3407.393,17123.053,23722.822,8690.546,19505.96,25779.48,19665.092,18507.53,41552.406,4479.0386,14506.656,18582.227
2267.7666,14772.569,19168.746,15538.282,3425.7786,17129.732,23734.322,8693.15,19509.758,25797.416,19669.617,18524.734,41570.73,4490.014,14514.614,18584.076
2255.5503,14764.162,19146.346,15521.369,3397.0627,17101.6,23721.57,8707.654,19493.04,25737.318,19648.312,18502.041,41560.023,4458.6455,14485.655,18579.416
2263.155,14764.722,19152.38,15522.806,3398.0483,17110.957,23727.459,8693.491,19499.732,25759.172,19666.879,18500.85,41548.598,4461.9917,14498.735,18579.465
2262.9119,14766.255,19152.479,15517.476,3407.588,17110.434,23726.766,8696.034,19503.893,25765.0,19648.676,18509.5,41547.246,4472.748,14496.655,18576.12
2259.505,14771.949,19150.35,15516.904,3403.6455,17109.973,23726.582,8707.07,19499.684,25757.895,19634.393,18498.756,41536.965,4466.433,14485.497,18574.525
2268.375,14754.074,19149.545,15507.511,3393.1934,17113.22,23709.377,8687.675,19498.15,25770.258,19667.793,18490.994,41536.258,4466.3843,14490.4,18570.62
2245.8284,14769.32,19147.55,15511.647,3403.3657,17110.482,23717.688,8709.491,19492.322,25757.396,19664.98,18503.807,41534.676,4473.5024,14494.465,18584.162
2256.2925,14777.133,19156.59,15537.468,3408.3787,17116.773,23728.164,8707.934,19503.139,25758.346,19668.924,18507.104,41542.633,4475.23,14493.005,18588.31
2270.7478,14778.8,19162.846,15537.212,3408.6707,17125.012,23713.09,8705.123,19508.553,25767.922,19677.479,18502.893,41555.312,4472.59,14503.7,18586.096
2275.7974,14797.976,19170.23,15540.85,3430.1104,17130.0,23733.312,8712.606,19520.527,25782.559,19686.385,18522.154,41570.098,4493.3965,14522.024,18589.758
2276.8804,14793.668,19169.951,15546.557,3437.0823,17127.336,23725.146,8710.708,19520.418,25782.46,19683.465,18522.957,41555.363,4497.12,14516.72,18593.58
2272.938,14783.484,19167.127,15537.406,3424.6226,17126.045,23724.393,8704.637,19523.738,25780.15,19652.594,18516.107,41557.953,4488.6514,14513.373,18592.85
2286.444,14774.662,19174.879,15545.498,3429.867,17135.305,23718.236,8702.397,19534.082,25791.6,19707.41,18518.967,41572.336,4494.6865,14516.245,18594.37
2286.0183,14779.603,19170.523,15551.497,3436.255,17128.82,23720.719,8706.681,19526.525,25785.49,19701.24,18521.45,41563.418,4496.694,14516.756,18588.299
2280.4211,14771.791,19172.36,15546.119,3430.4631,17134.271,23732.715,8706.364,19518.664,25799.533,19682.54,18513.346,41565.07,4495.2705,14521.866,18593.822
2276.4543,14765.549,19173.479,15539.451,3423.7588,17133.213,23715.95,8702.471,19514.625,25794.094,19678.062,18508.332,41560.836,4486.656,14512.983,18591.607
2267.3042,14760.962,19161.738,15538.44,3417.3464,17117.09,23703.525,8713.628,19509.295,25754.232,19667.84,18510.535,41565.145,4482.616,14492.518,18592.873
2270.541,14765.488,19164.682,15540.51,3417.0786,17126.057,23705.715,8715.648,19516.146,25770.89,19677.43,18510.012,41576.715,4479.647,14500.001,18587.29
2269.5188,14761.156,19162.104,15532.43,3411.5303,17123.988,23721.57,8695.158,19513.348,25771.291,19648.166,18505.035,41569.11,4473.758,14501.096,18583.979
2272.6946,14787.183,19171.3,15534.767,3432.8357,17138.627,23736.184,8693.224,19520.344,25795.785,19698.832,18518.285,41577.812,4494.017,14518.435,18592.898
2263.082,14758.272,19157.271,15528.561,3410.0215,17121.08,23719.234,8720.345,19493.904,25763.846,19669.678,18487.05,41556.555,4467.297,14491.435,18597.691
2248.0308,14757.713,19146.225,15511.319,3397.2087,17113.926,23716.982,8710.501,19489.938,25759.002,19638.139,18488.973,41554.375,4458.621,14490.607,18585.062
2256.4507,14772.8125,19153.61,15528.743,3411.9805,17118.94,23723.71,8711.742,19503.176,25769.113,19677.04,18509.623,41567.58,4474.853,14496.643,18592.898
2256.7427,14757.858,19147.55,15517.366,3401.1025,17110.945,23719.344,8701.181,19493.148,25757.7,19665.613,18488.645,41538.254,4459.972,14482.698,18574.014
2254.1997,14749.122,19142.197,15517.025,3385.6982,17107.807,23710.729,8697.1045,19480.982,25751.057,19649.322,18472.365,41555.445,4451.1016,14479.9,18577.578
2247.7144,14765.415,19147.197,15513.533,3403.8037,17112.758,23713.32,8700.086,19491.02,25762.69,19655.977,18497.723,41563.125,4468.526,14493.163,18587.361
2236.2402,14772.229,19144.557,15520.737,3408.5857,17109.924,23721.18,8691.276,19492.564,25763.602,19657.23,18497.504,41559.39,4473.6484,14495.827,18580.438
2255.7449,14796.759,19153.074,15527.575,3411.6396,17115.24,23732.496,8687.882,19503.176,25773.566,19637.348,18503.223,41580.11,4476.5444,14508.871,18584.965
2278.9365,14808.452,19168.406,15529.583,3428.419,17131.484,23749.385,8697.117,19525.93,25793.46,19683.672,18522.896,41591.574,4492.1313,14526.526,18592.229
2261.3298,14793.997,19155.678,15526.796,3421.1548,17116.348,23733.762,8705.938,19504.477,25774.334,19679.254,18509.1,41569.184,4481.752,14505.002,18587.824
2244.6116,14773.238,19146.588,15519.971,3403.7551,17106.723,23704.863,8700.585,19487.309,25761.338,19661.088,18489.193,41560.69,4467.4062,14492.725,18579.732
2262.425,14788.521,19163.514,15537.005,3422.9678,17125.947,23732.473,8701.303,19509.43,25776.596,19676.564,18507.553,41555.582,4487.775,14517.766,18589.893
2261.1475,14805.24,19159.924,15531.518,3434.6,17120.375,23736.633,8716.439,19513.129,25776.365,19666.441,18520.281,41570.816,4492.3257,14515.028,18583.262
2263.2769,14785.638,19161.592,15529.777,3418.4414,17124.05,23720.451,8705.317,19509.758,25770.635,19668.303,18499.012,41554.473,4480.0244,14499.989,18587.033
2266.0996,14765.391,19165.826,15526.261,3415.144,17125.023,23709.9,8696.326,19513.348,25775.379,19680.482,18504.803,41560.996,4487.3613,14507.289,18585.744
2279.107,14782.924,19174.623,15519.666,3433.0183,17132.422,23730.16,8716.609,19522.424,25784.322,19674.254,18520.062,41553.83,4500.9893,14513.397,18594.832
2277.732,14786.319,19170.863,15541.446,3427.8228,17125.412,23726.412,8713.081,19523.812,25775.562,19660.904,18514.951,41565.438,4491.255,14512.619,18585.39
2273.887,14776.621,19175.523,15549.039,3424.5862,17134.83,23737.096,8710.5625,19525.174,25783.033,19682.832,18516.12,41591.305,4491.5713,14515.503,18596.816
2283.378,14779.25,19178.213,15537.248,3434.4663,17136.242,23719.488,8706.681,19534.008,25781.586,19707.922,18529.723,41578.1,4498.434,14508.506,18590.025
2258.1055,14754.938,19154.4,15527.928,3410.3865,17118.55,23694.582,8686.641,19503.674,25767.994,19661.22,18496.262,41559.473,4472.809,14493.93,18567.03
2258.799,14753.819,19154.584,15527.648,3408.695,17113.975,23717.676,8701.936,19501.568,25763.783,19653.166,18491.76,41563.867,4465.776,14504.15,18590.488
2256.548,14759.355,19153.525,15524.509,3418.478,17114.998,23716.703,8699.757,19506.46,25774.941,19677.04,18504.95,41552.758,4480.2676,14506.194,18584.053
2264.4814,14775.977,19162.006,15530.849,3431.0593,17125.717,23728.627,8709.309,19516.11,25777.035,19652.594,18516.277,41591.477,4481.7764,14513.142,18591.96
2271.3684,14761.85,19156.408,15512.828,3412.1995,17120.51,23714.56,8680.094,19507.154,25777.8,19684.607,18495.982,41590.516,4469.049,14510.514,18585.986
2251.9487,14759.599,19150.945,15516.6,3411.6274,17113.914,23714.525,8700.098,19499.562,25771.193,19660.162,18499.012,41578.883,4466.6763,14501.813,18576.727
2250.586,14766.108,19147.672,15522.173,3412.893,17109.28,23723.93,8719.128,19500.96,25743.293,19669.082,18505.752,41597.207,4469.2925,14499.21,18588.578
2247.2642,14771.194,19148.523,15516.88,3407.7947,17114.535,23730.062,8702.166,19493.393,25755.924,19660.225,18487.502,41561.03,4459.1323,14499.733,18578.102
2254.2727,14766.157,19151.152,15518.462,3410.289,17116.19,23724.186,8701.644,19499.172,25761.666,19666.686,18498.658,41564.61,4467.3335,14499.174,18586.814
2250.6467,14777.205,19148.207,15519.764,3415.4116,17108.354,23729.441,8689.719,19495.645,25762.008,19662.146,18498.002,41553.22,4464.985,14502.167,18571.896
2252.5571,14791.953,19149.314,15522.988,3410.4229,17111.809,23732.096,8717.826,19495.217,25757.066,19667.305,18494.096,41574.453,4460.203,14503.141,18582.592
2263.4106,14797.647,19160.338,15530.982,3421.0088,17123.088,23732.545,8707.313,19507.312,25773.566,19671.223,18507.857,41585.086,4476.727,14516.658,18593.676
2265.7834,14803.342,19160.982,15527.259,3428.9421,17122.809,23741.184,8703.493,19509.686,25772.91,19663.059,18509.512,41553.426,4477.737,14506.937,18591.242
2252.3381,14774.784,19142.902,15519.216,3400.3967,17099.982,23715.34,8694.586,19501.68,25749.463,19650.709,18491.541,41557.258,4457.9766,14487.347,18573.709
2260.1497,14789.288,19147.355,15519.958,3409.6562,17105.86,23718.455,8686.993,19506.217,25755.898,19661.963,18497.2,41555.348,4459.996,14498.809,18578.516
2248.0916,14778.629,19143.607,15524.776,3414.4138,17109.107,23719.1,8694.927,19495.145,25761.85,19668.973,18499.389,41542.66,4467.528,14501.984,18585.463
2260.7947,14788.254,19157.26,15537.832,3424.0386,17118.379,23729.041,8711.815,19513.408,25771.95,19675.773,18508.37,41563.344,4479.258,14512.156,18593.166
2273.0596,14785.711,19167.7,15533.793,3427.044,17130.486,23724.709,8697.3,19524.396,25787.973,19676.771,18515.158,41570.938,4483.979,14515.989,18591.023
2263.8123,14787.572,19158.465,15525.36,3429.441,17119.742,23725.402,8706.206,19520.977,25773.287,19642.021,18517.762,41589.785,4485.159,14511.231,18587.994
2272.1836,14781.549,19161.69,15535.667,3426.7034,17120.096,23723.82,8702.823,19523.58,25784.043,19700.316,18505.12,41568.65,4484.307,14509.139,18584.611
2274.386,14756.411,19156.262,15522.842,3411.5789,17115.217,23714.854,8697.421,19516.293,25761.643,19689.95,18492.271,41565.34,4464.06,14499.843,18584.113
2274.3372,14767.033,19151.65,15536.202,3415.5334,17107.49,23723.31,8714.76,19510.598,25745.8,19653.385,18508.879,41578.13,4471.8843,14497.264,18587.082
2254.358,14762.519,19148.547,15529.862,3421.9336,17108.756,23714.854,8705.78,19507.799,25761.266,19702.117,18506.166,41572.02,4474.8286,14498.395,18578.979
2257.996,14763.151,19151.055,15528.099,3417.2976,17108.805,23729.32,8705.878,19513.25,25760.207,19698.188,18503.951,41584.94,4471.6895,14504.904,18576.557
2261.695,14779.59,19149.559,15523.73,3422.3108,17111.566,23735.174,8688.587,19517.254,25769.234,19681.19,18517.934,41618.5,4478.832,14510.709,18578.492
2247.471,14763.9795,19146.37,15525.689,3421.97,17114.256,23720.207,8702.361,19507.143,25765.098,19679.352,18510.412,41594.117,4473.3076,14492.189,18577.348
2234.9504,14753.539,19132.84,15508.69,3401.139,17095.943,23723.006,8704.892,19488.525,25741.006,19654.98,18482.209,41564.633,4456.2363,14486.446,18583.736
2249.3325,14776.597,19144.97,15518.754,3418.6482,17108.316,23737.45,8701.29,19504.137,25760.9,19669.215,18505.63,41572.227,4473.417,14499.539,18578.893
2249.2354,14775.088,19140.76,15511.745,3418.8552,17102.1,23739.043,8697.932,19501.545,25755.34,19665.76,18507.443,41567.14,4472.6387,14490.571,18574.938
2252.4841,14766.984,19137.207,15503.239,3402.806,17102.928,23722.154,8698.698,19496.252,25753.113,19640.172,18489.398,41576.605,4457.1245,14485.606,18576.375
2240.9734,14780.053,19133.191,15516.661,3403.025,17102.295,23727.422,8697.908,19486.627,25751.678,19670.115,18488.121,41574.04,4453.669,14493.309,18573.818
2244.1855,14789.689,19140.262,15527.308,3419.2932,17101.053,23727.191,8694.878,19499.404,25762.773,19665.443,18507.541,41573.066,4470.1562,14497.848,18582.068
2245.731,14776.391,19138.23,15513.704,3405.5315,17108.598,23705.496,8699.161,19489.656,25750.838,19660.432,18490.08,41561.055,4461.3105,14484.024,18582.883
2254.066,14785.966,19145.408,15518.924,3414.6328,17115.29,23729.15,8703.128,19495.412,25763.467,19646.219,18496.104,41546.977,4469.7915,14505.002,18587.434
2251.9365,14814.523,19147.027,15519.946,3432.921,17114.559,23732.424,8696.533,19504.453,25776.596,19659.701,18519.418,41567.87,4484.283,14515.479,18588.262
2250.8293,14784.396,19140.615,15521.248,3417.2734,17108.062,23719.514,8681.992,19494.451,25750.254,19651.062,18492.562,41523.117,4460.933,14492.761,18575.633
2243.3826,14775.186,19137.926,15509.859,3409.9849,17109.947,23720.693,8701.887,19496.982,25752.71,19632.846,18494.156,41527.535,4460.3735,14498.991,18583.262
2259.663,14794.143,19148.998,15528.159,3430.6943,17118.441,23729.82,8715.368,19508.285,25765.768,19669.643,18514.635,41548.0,4477.7,14505.914,18586.047
2252.4597,14791.612,19146.527,15528.877,3432.1543,17113.184,23736.025,8710.902,19510.854,25765.95,19656.828,18513.32,41552.027,4479.367,14509.856,18582.678
2268.4116,14782.778,19147.111,15511.38,3420.8628,17109.51,23726.535,8705.829,19505.791,25763.771,19664.166,18496.943,41539.13,4468.8667,14507.971,18575.412
2250.7197,14785.82,19146.334,15531.992,3426.5815,17109.973,23735.807,8707.167,19501.582,25768.797,19678.914,18514.234,41560.75,4476.9946,14512.448,18581.326
2246.2297,14782.924,19140.676,15532.576,3423.9412,17104.12,23726.193,8708.786,19505.293,25755.936,19665.48,18509.537,41557.965,4471.6895,14496.606,18579.355
2250.099,14759.367,19136.793,15519.276,3407.2107,17099.436,23713.37,8695.23,19502.092,25753.344,19661.709,18493.598,41555.91,4462.2354,14494.793,18568.1
2249.9531,14761.983,19142.172,15520.274,3417.2002,17106.115,23722.934,8685.29,19506.656,25765.377,19645.623,18504.658,41597.754,4472.833,14500.099,18581.412
2249.0771,14770.318,19141.344,15528.329,3414.998,17105.773,23722.98,8690.425,19495.023,25760.072,19678.646,18497.855,41578.02,4466.433,14490.193,18574.318
2244.4534,14739.924,19134.008,15520.555,3391.4048,17101.553,23715.547,8704.673,19491.434,25748.756,19644.904,18481.332,41582.824,4454.1924,14482.93,18573.988
2258.6045,14754.61,19147.916,15531.262,3404.0835,17115.691,23726.936,8702.252,19507.568,25762.057,19680.617,18497.723,41579.09,4463.6587,14491.496,18580.354
2251.7783,14755.937,19138.473,15518.291,3407.1377,17100.42,23712.979,8699.282,19501.484,25745.252,19682.893,18497.2,41572.117,4461.1885,14480.034,18572.736
2247.5562,14760.718,19137.0,15516.393,3399.0461,17099.361,23724.016,8704.795,19489.998,25749.086,19667.44,18487.55,41577.48,4461.5903,14491.654,18579.062
2262.7048,14783.302,19145.152,15523.985,3412.7104,17108.756,23731.84,8687.078,19504.611,25757.883,19680.64,18504.365,41588.082,4469.025,14504.138,18578.346
2253.275,14798.742,19145.543,15532.004,3427.5793,17108.865,23727.447,8690.498,19501.824,25770.865,19671.21,18516.035,41591.242,4472.699,14504.941,18576.678
2250.9265,14797.55,19138.63,15534.23,3418.1128,17103.998,23722.312,8704.113,19501.533,25751.252,19675.361,18508.55,41589.395,4460.702,14498.273,18578.03
2263.6782,14816.008,19148.232,15541.593,3426.1072,17116.299,23737.34,8702.386,19511.754,25753.89,19685.582,18518.688,41583.82,4472.2124,14510.2705,18590.525
2251.3281,14820.814,19141.37,15536.835,3438.0193,17107.223,23738.982,8700.135,19508.092,25762.615,19661.611,18526.354,41594.25,4479.513,14512.826,18577.434
2248.8823,14807.697,19142.865,15529.096,3432.6897,17110.29,23730.318,8700.207,19511.06,25761.752,19674.68,18522.082,41580.85,4475.571,14509.31,18588.92
2255.587,14809.426,19142.623,15526.979,3423.6858,17108.865,23734.723,8702.179,19511.729,25756.094,19674.229,18514.562,41570.402,4469.511,14508.579,18582.652
2247.6655,14813.685,19138.182,15517.317,3427.847,17106.42,23742.729,8706.462,19503.395,25757.762,19650.951,18514.27,41562.7,4471.6406,14512.339,18584.479
2246.2056,14799.569,19141.076,15514.275,3425.377,17109.217,23725.354,8698.564,19505.146,25758.941,19655.418,18512.578,41563.707,4474.1836,14502.629,18588.348
2256.0857,14792.33,19148.184,15524.91,3425.4622,17118.318,23731.889,8696.715,19508.979,25771.682,19647.459,18512.773,41558.586,4475.7656,14517.353,18589.38
2253.5547,14784.762,19144.484,15511.148,3421.0574,17113.172,23728.055,8710.489,19508.078,25759.816,19653.592,18508.223,41535.855,4474.1836,14499.745,18589.662
2252.9463,14770.026,19144.8,15531.177,3417.8086,17110.799,23710.059,8698.809,19506.34,25758.406,19621.02,18510.584,41536.418,4474.5977,14492.372,18581.764
2259.59,14770.878,19149.654,15510.431,3413.4404,17119.742,23721.084,8702.349,19506.01,25766.984,19663.959,18497.467,41528.277,4469.3896,14502.154,18586.547
2251.681,14770.343,19152.66,15526.236,3423.4424,17120.156,23725.61,8712.314,19511.51,25766.766,19677.988,18511.896,41540.457,4484.1855,14508.02,18588.857
2258.4097,14789.52,19155.18,15536.251,3438.8223,17113.209,23730.963,8697.652,19516.682,25768.055,19667.463,18523.092,41563.758,4492.5083,14513.592,18591.912
2250.0627,14771.194,19143.0,15519.301,3411.3232,17109.752,23717.688,8700.451,19503.078,25761.07,19657.9,18499.158,41554.316,4472.3467,14500.597,18581.205
2261.2449,14773.373,19152.355,15521.966,3420.9114,17119.28,23722.252,8708.348,19513.178,25768.98,19645.72,18513.334,41569.15,4477.9316,14505.281,18592.24
2249.0771,14771.571,19145.908,15525.762,3426.4114,17112.55,23713.49,8704.819,19511.596,25760.328,19676.357,18519.404,41572.63,4477.0796,14496.837,18593.627
2234.9138,14757.445,19129.762,15522.878,3404.047,17097.014,23710.547,8692.335,19485.387,25755.754,19680.385,18492.514,41561.434,4455.494,14488.028,18575.607
2233.3198,14758.917,19128.934,15509.348,3398.7053,17096.734,23704.95,8684.84,19483.877,25762.092,19658.824,18492.697,41568.562,4450.177,14487.967,18574.854
2226.944,14753.394,19120.623,15504.322,3398.097,17088.01,23709.488,8701.85,19489.998,25727.865,19650.879,18498.111,41568.88,4449.4956,14474.534,18578.918
2227.4795,14760.767,19119.176,15506.55,3390.3948,17091.514,23702.953,8689.439,19479.193,25737.574,19636.947,18486.65,41568.344,4441.258,14472.368,18572.857
2233.7822,14759.611,19119.686,15501.877,3386.3308,17095.564,23710.352,8675.507,19480.896,25735.834,19653.3,18486.248,41577.434,4437.0967,14477.309,18575.947
2229.986,14790.334,19115.865,15490.756,3400.7617,17083.482,23732.898,8683.002,19479.145,25736.2,19632.871,18497.223,41579.188,4444.4214,14485.68,18559.182
2218.743,14781.562,19111.12,15485.0,3390.4314,17080.867,23726.072,8695.814,19470.932,25728.668,19618.04,18480.176,41558.15,4436.7925,14472.977,18555.457
2215.7983,14778.203,19111.62,15494.819,3386.988,17080.55,23734.99,8685.655,19471.37,25733.875,19657.705,18479.666,41562.664,4442.049,14486.324,18569.78
2231.6772,14789.0205,19128.3,15502.947,3404.984,17095.443,23747.025,8694.051,19491.506,25747.418,19648.36,18502.09,41564.38,4459.4854,14495.414,18563.914
2233.2227,14794.568,19128.982,15496.341,3413.7935,17093.496,23756.893,8696.971,19496.908,25743.172,19642.215,18508.734,41577.203,4464.255,14498.906,18561.129
2246.3757,14795.603,19136.271,15497.776,3419.1714,17097.414,23733.457,8710.501,19512.666,25753.83,19638.967,18512.543,41576.863,4471.7866,14505.258,18556.443
2256.463,14803.768,19149.703,15520.555,3429.8792,17110.312,23743.994,8702.921,19517.97,25764.904,19672.574,18523.006,41571.18,4481.3506,14512.533,18582.08
2266.8784,14804.096,19157.734,15542.603,3431.461,17117.967,23738.47,8697.969,19518.008,25768.906,19667.598,18520.477,41579.234,4485.488,14509.297,18590.404
2280.6643,14796.723,19161.848,15551.448,3427.1777,17124.256,23738.057,8695.328,19524.08,25784.322,19692.236,18521.79,41578.676,4488.1523,14520.868,18579.514
2269.7744,14811.969,19161.031,15558.189,3440.0757,17119.67,23742.777,8701.193,19529.883,25769.26,19689.268,18535.15,41583.63,4491.328,14521.112,18569.633
2275.4202,14820.376,19159.486,15555.999,3448.9214,17114.584,23746.016,8713.872,19536.941,25763.371,19681.031,18542.06,41583.53,4495.8423,14518.229,18573.83
2259.602,14783.849,19146.443,15540.668,3424.1238,17107.502,23719.586,8698.967,19515.379,25758.223,19649.213,18515.742,41567.797,4474.3784,14502.849,18569.328
2266.9392,14765.609,19154.047,15543.345,3419.646,17111.785,23710.266,8698.516,19518.105,25758.697,19695.947,18515.78,41568.54,4479.0386,14499.928,18575.242
2269.2998,14775.052,19153.537,15549.222,3431.035,17112.637,23717.736,8690.862,19521.207,25762.14,19684.51,18528.822,41588.992,4489.722,14503.87,18574.402
2274.0818,14785.564,19159.34,15548.297,3432.3977,17120.533,23734.285,8690.51,19527.037,25769.953,19673.146,18526.754,41590.43,4483.711,14514.42,18573.686
2265.2722,14772.801,19147.793,15536.652,3414.8032,17110.154,23728.725,8697.165,19509.709,25757.299,19649.334,18510.365,41564.27,4469.901,14503.335,18564.06
2273.5586,14795.968,19158.428,15548.601,3436.194,17121.64,23728.104,8698.114,19526.1,25775.72,19704.977,18530.016,41579.746,4492.6055,14515.369,18578.236
2270.5288,14801.091,19158.488,15552.58,3434.3445,17124.146,23738.045,8698.638,19520.004,25778.129,19687.406,18520.828,41572.98,4487.8604,14517.583,18581.959
2267.0488,14807.065,19151.992,15548.516,3422.189,17112.502,23737.898,8698.809,19507.434,25759.514,19675.385,18507.979,41566.664,4472.991,14506.803,18569.146
2260.1982,14778.264,19143.633,15531.883,3418.125,17100.19,23712.225,8694.513,19511.705,25749.463,19674.545,18513.662,41570.184,4474.95,14487.603,18566.178
2262.863,14768.943,19144.959,15550.231,3414.0125,17108.146,23719.914,8693.649,19505.914,25753.453,19670.408,18503.344,41573.297,4471.6772,14490.023,18569.828
2245.4512,14767.435,19137.707,15527.2705,3400.9077,17109.035,23718.004,8692.493,19497.506,25755.035,19669.885,18492.527,41567.09,4461.0913,14492.263,18561.115
2243.3218,14782.814,19138.973,15536.615,3417.8696,17094.957,23733.092,8683.83,19512.496,25753.72,19662.451,18517.727,41586.242,4478.7466,14506.778,18566.02
2253.4575,14798.499,19139.629,15543.064,3426.0828,17096.246,23726.34,8689.962,19513.02,25752.71,19689.293,18518.395,41573.066,4474.464,14499.721,18564.049
2254.2605,14783.776,19139.166,15542.895,3411.81,17105.445,23722.871,8692.846,19510.086,25759.549,19687.564,18509.354,41593.945,4468.136,14498.991,18568.076
2268.5698,14792.926,19151.115,15550.815,3430.3293,17110.824,23733.068,8701.473,19524.348,25766.521,19679.291,18528.373,41573.734,4484.7334,14508.567,18575.475
2268.6792,14801.091,19155.033,15549.404,3438.372,17112.818,23734.041,8715.794,19524.42,25755.607,19685.594,18536.33,41591.01,4493.4575,14512.412,18580.072
2269.1902,14807.162,19153.828,15544.257,3430.7551,17114.268,23737.156,8707.5205,19519.334,25764.746,19680.727,18522.166,41577.3,4484.137,14516.439,18574.477
2269.1902,14792.524,19155.994,15539.049,3434.4663,17117.139,23730.902,8695.791,19527.328,25775.441,19664.033,18531.244,41598.652,4490.5005,14520.029,18568.744
2278.9731,14810.886,19164.365,15556.814,3455.3826,17127.518,23741.232,8694.501,19538.717,25783.545,19686.676,18553.268,41599.48,4503.4595,14531.113,18579.062
2273.522,14807.053,19153.986,15551.473,3438.153,17117.918,23751.125,8705.281,19520.064,25762.787,19700.11,18526.268,41570.594,4480.353,14520.321,18571.738
2266.2822,14780.855,19145.104,15532.808,3426.825,17111.066,23734.723,8687.784,19518.543,25762.312,19653.24,18526.498,41566.9,4479.209,14516.33,18567.771
2256.548,14799.655,19146.953,15529.412,3442.217,17112.723,23719.586,8701.68,19518.348,25768.443,19670.178,18539.02,41604.36,4486.9478,14516.159,18574.78
2249.8315,14785.602,19139.252,15533.684,3427.2388,17106.857,23717.627,8706.255,19503.906,25756.994,19681.129,18514.027,41580.684,4472.736,14505.002,18569.44
2255.952,14770.245,19139.848,15537.005,3421.2034,17106.334,23720.96,8698.358,19508.615,25757.152,19678.537,18517.799,41588.312,4471.762,14509.4795,18565.361
2260.466,14796.759,19144.678,15541.727,3442.0955,17113.367,23727.678,8701.996,19523.982,25771.4,19685.715,18547.744,41620.387,4489.4663,14517.705,18578.004
2264.0068,14812.103,19147.416,15535.935,3443.738,17118.1,23748.887,8707.276,19524.299,25775.002,19673.11,18536.781,41590.223,4487.118,14525.857,18578.576
2260.758,14784.044,19137.742,15530.228,3416.3486,17099.58,23719.088,8692.188,19511.584,25753.916,19670.81,18510.06,41573.37,4472.2007,14505.61,18566.664
2262.0234,14786.124,19141.21,15551.46,3425.888,17104.398,23724.965,8685.533,19509.064,25763.164,19680.617,18524.916,41586.33,4482.786,14507.667,18567.76
2267.3894,14793.352,19144.91,15553.285,3428.8936,17103.486,23738.324,8691.934,19516.535,25767.447,19682.455,18525.111,41593.13,4482.7134,14510.636,18573.904
2271.2954,14793.498,19148.11,15555.342,3420.3152,17110.787,23733.992,8690.218,19519.443,25774.527,19680.592,18516.936,41583.215,4478.114,14518.934,18559.924
2275.0308,14801.115,19145.299,15528.999,3424.355,17103.268,23744.275,8694.562,19519.36,25747.87,19664.3,18523.785,41581.22,4476.958,14509.406,18561.25
2250.9631,14792.622,19144.922,15537.553,3428.273,17106.176,23724.94,8699.574,19515.076,25759.611,19663.97,18527.703,41587.508,4481.9834,14503.919,18574.074
2266.6594,14799.874,19154.46,15542.554,3431.4973,17118.951,23738.568,8705.513,19520.125,25772.727,19673.365,18525.83,41586.926,4482.0684,14519.798,18576.338
2258.3003,14800.567,19139.543,15514.58,3431.5703,17102.562,23728.238,8698.54,19525.15,25756.13,19660.041,18535.32,41592.22,4478.698,14514.03,18562.734
2260.0037,14814.853,19145.762,15542.115,3446.4028,17102.488,23742.193,8678.488,19519.748,25775.83,19697.615,18545.164,41608.777,4488.9556,14531.795,18570.947
2258.1663,14810.423,19144.156,15539.962,3440.4893,17110.385,23740.32,8710.647,19514.82,25770.793,19685.217,18537.705,41598.63,4479.051,14524.738,18576.143
2263.9946,14799.825,19148.852,15543.588,3442.363,17111.457,23735.04,8712.776,19522.072,25770.865,19678.256,18538.812,41579.188,4483.6016,14522.183,18571.082
2256.0735,14797.246,19141.637,15538.964,3442.935,17102.307,23733.86,8700.561,19520.77,25766.291,19664.52,18542.098,41589.734,4487.4346,14520.26,18570.193
2256.2195,14796.394,19140.36,15537.845,3433.6267,17106.322,23730.586,8696.338,19516.535,25767.35,19677.441,18527.887,41575.023,4480.669,14514.627,18563.111
2257.0713,14784.068,19141.076,15532.674,3426.8735,17108.621,23730.355,8692.408,19513.592,25762.848,19667.963,18522.252,41592.33,4476.8,14511.086,18569.998
2254.4553,14778.678,19139.69,15533.513,3427.7498,17098.352,23726.133,8693.138,19511.863,25756.033,19669.812,18525.209,41592.01,4480.742,14506.085,18568.502
2252.7517,14787.062,19138.072,15526.869,3423.2964,17100.469,23730.355,8693.795,19507.191,25756.312,19640.56,18515.596,41582.715,4471.811,14506.328,18567.87
2256.8645,14779.772,19136.781,15528.402,3414.4749,17102.842,23730.307,8681.566,19504.586,25763.188,19688.879,18505.887,41586.875,4472.59,14509.979,18566.908
2269.8474,14796.759,19150.701,15546.728,3436.401,17113.684,23741.379,8704.138,19515.646,25771.17,19693.648,18528.566,41602.56,4483.139,14517.547,18572.748
2250.2695,14789.641,19124.127,15533.416,3415.1804,17085.674,23729.004,8694.842,19498.662,25740.934,19672.574,18508.516,41576.91,4458.889,14499.965,18555.566
2260.4905,14788.022,19139.727,15544.95,3422.6758,17102.27,23737.717,8687.14,19518.629,25775.758,19690.375,18525.914,41597.266,4477.165,14523.205,18565.18
2252.7395,14783.666,19130.078,15528.269,3424.1602,17093.059,23729.88,8694.33,19506.484,25757.652,19665.639,18518.213,41597.594,4468.6353,14504.491,18550.25
